Cluster,Segment,Age,Membership_Years,Login_Frequency,Session_Duration_Avg,Pages_Per_Session,Cart_Abandonment_Rate,Wishlist_Items,Total_Purchases,Average_Order_Value,Days_Since_Last_Purchase,Discount_Usage_Rate,Returns_Rate,Email_Open_Rate,Customer_Service_Calls,Product_Reviews_Written,Social_Media_Engagement_Score,Mobile_App_Usage,Payment_Method_Diversity,Lifetime_Value,Credit_Balance,Total_Spending,Purchase_Frequency,RFM_Recency,RFM_Frequency,RFM_Monetary,Customer_Age_Group
0,Loyal Customers,37.70496149476076,2.991965037590245,7.7329882590581995,22.011415856583763,6.854608004039894,65.00124486451361,2.8741951773765937,9.566093296300972,118.33727865396469,29.02247191011236,41.793618230021465,6.391992692894263,14.416311071834365,6.480715818709759,1.8532697891680343,20.65716449943189,14.840020199469764,2.3343012245928545,1011.8148797500315,1515.3495455119303,1011.8148797500315,6.0909024332330794,0.09810226146335843,9.566093296300972,1011.8148797500315,0.8654525943693978
1,VIP Customers,37.71048316571928,2.9704499745706707,18.366200262352425,37.28564167031045,11.94547442063839,43.359723540536514,6.70004372540446,19.293413860953212,131.4077155218178,29.68348272846524,42.0201235242676,6.86834628064028,32.0658176650634,4.292031045037167,4.422606034105815,43.86670857017928,27.012407083515523,2.339746392654132,2183.5259329908176,2726.4885767380847,2183.5259329908176,14.284575293896351,0.09684671426361399,19.293413860953212,2183.5259329908176,0.8672933974639265
